{
  "project_info": {
    "project_number": "1069111851759",
    "project_id": "mqtt-prueba-23c19",
    "storage_bucket": "mqtt-prueba-23c19.appspot.com"
  },
  "client": [
    {
      "client_info": {
        "mobilesdk_app_id": "1:1069111851759:android:6711c83cd5860972d7791a",
        "android_client_info": {
          "package_name": "com.f_canio.mqtt"
        }
      },
      "oauth_client": [
        {
          "client_id": "1069111851759-o40tmmuobp9uubmloo4k1rlu35inqg19.apps.googleusercontent.com",
          "client_type": 3
        }
      ],
      "api_key": [
        {
          "current_key": "AIzaSyDA8tDvKpXUqeDS6qhlicMBfgUeCeMDbTQ"
        }
      ],
      "services": {
        "appinvite_service": {
          "other_platform_oauth_client": [
            {
              "client_id": "1069111851759-o40tmmuobp9uubmloo4k1rlu35inqg19.apps.googleusercontent.com",
              "client_type": 3
            }
          ]
        }
      }
    }
  ],
  "configuration_version": "1"
}